ID,Node Name,ExternalRef ID,Status
4447065,HustleHub,N/A,No mapping found
4308730,SolutionDataLake,vishal.v.nadpurohit,Already updated
4286470,SolutionDataLake,vishal.v.nadpurohit,Already updated
4312353,SolutionDataLake,vishal.v.nadpurohit,Already updated
4318766,SolutionDataLake,vishal.v.nadpurohit,Already updated
4357821,SolutionDataLake,vishal.v.nadpurohit,Already updated
4367337,SolutionDataLake,vishal.v.nadpurohit,Already updated
4369392,SolutionDataLake,vishal.v.nadpurohit,Already updated
4369422,SolutionDataLake,vishal.v.nadpurohit,Already updated
4368213,SolutionDataLake,vishal.v.nadpurohit,Already updated
4372034,SolutionDataLake,vishal.v.nadpurohit,Already updated
4391918,SolutionDataLake,vishal.v.nadpurohit,Already updated
4392076,SolutionDataLake,vishal.v.nadpurohit,Already updated
4393219,SolutionDataLake,vishal.v.nadpurohit,Already updated
4410430,SolutionDataLake,vishal.v.nadpurohit,Already updated
4437622,SolutionDataLake,vishal.v.nadpurohit,Already updated
4437836,SolutionDataLake,vishal.v.nadpurohit,Already updated
4438523,SolutionDataLake,vishal.v.nadpurohit,Already updated
4438524,SolutionDataLake,vishal.v.nadpurohit,Already updated
4438544,SolutionDataLake,vishal.v.nadpurohit,Already updated
4438545,SolutionDataLake,vishal.v.nadpurohit,Already updated
4438546,SolutionDataLake,vishal.v.nadpurohit,Already updated
4438547,SolutionDataLake,vishal.v.nadpurohit,Already updated
4438548,SolutionDataLake,vishal.v.nadpurohit,Already updated
4438513,SolutionDataLake,vishal.v.nadpurohit,Already updated
4438561,SolutionDataLake,vishal.v.nadpurohit,Already updated
4438581,SolutionDataLake,vishal.v.nadpurohit,Already updated
4438582,SolutionDataLake,vishal.v.nadpurohit,Already updated
4440539,SolutionDataLake,vishal.v.nadpurohit,Already updated
4440660,SolutionDataLake,vishal.v.nadpurohit,Already updated
4440663,SolutionDataLake,vishal.v.nadpurohit,Already updated
4440665,SolutionDataLake,vishal.v.nadpurohit,Already updated
4440771,SolutionDataLake,vishal.v.nadpurohit,Already updated
4440784,SolutionDataLake,vishal.v.nadpurohit,Already updated
4440796,SolutionDataLake,vishal.v.nadpurohit,Already updated
4440809,SolutionDataLake,vishal.v.nadpurohit,Already updated
4440815,SolutionDataLake,vishal.v.nadpurohit,Already updated
4440819,SolutionDataLake,vishal.v.nadpurohit,Already updated
4440824,SolutionDataLake,vishal.v.nadpurohit,Already updated
4440531,SolutionDataLake,vishal.v.nadpurohit,Already updated
4440835,SolutionDataLake,vishal.v.nadpurohit,Already updated
4440870,SolutionDataLake,vishal.v.nadpurohit,Already updated
4440874,SolutionDataLake,vishal.v.nadpurohit,Already updated
4440881,SolutionDataLake,vishal.v.nadpurohit,Already updated
4440883,SolutionDataLake,vishal.v.nadpurohit,Already updated
4441048,SolutionDataLake,vishal.v.nadpurohit,Already updated
4441061,SolutionDataLake,vishal.v.nadpurohit,Already updated
4441798,SolutionDataLake,vishal.v.nadpurohit,Already updated
4441806,SolutionDataLake,vishal.v.nadpurohit,Already updated
4441813,SolutionDataLake,vishal.v.nadpurohit,Already updated
4441820,SolutionDataLake,vishal.v.nadpurohit,Already updated
4441824,SolutionDataLake,vishal.v.nadpurohit,Already updated
4441844,SolutionDataLake,vishal.v.nadpurohit,Already updated
4443708,SolutionDataLake,vishal.v.nadpurohit,Already updated
4444273,SolutionDataLake,vishal.v.nadpurohit,Already updated
4446565,SolutionDataLake,vishal.v.nadpurohit,Already updated
4446670,SolutionDataLake,vishal.v.nadpurohit,Already updated
4446872,SolutionDataLake,vishal.v.nadpurohit,Already updated
4446873,SolutionDataLake,vishal.v.nadpurohit,Already updated
4446874,SolutionDataLake,vishal.v.nadpurohit,Already updated
4446875,SolutionDataLake,vishal.v.nadpurohit,Already updated
4446876,SolutionDataLake,vishal.v.nadpurohit,Already updated
4446877,SolutionDataLake,vishal.v.nadpurohit,Already updated
4446878,SolutionDataLake,vishal.v.nadpurohit,Already updated
4446881,SolutionDataLake,vishal.v.nadpurohit,Already updated
4446503,MYISP_Revamp_UI,vikrant.r.mohite,Already updated
4444345,MYISP_Revamp_UI,vikrant.r.mohite,Already updated
4444330,MYISP_Revamp_UI,vikrant.r.mohite,Already updated
4444334,MYISP_Revamp_UI,vikrant.r.mohite,Already updated
4444335,MYISP_Revamp_UI,vikrant.r.mohite,Already updated
4435598,MYISP_Revamp_UI,vikrant.r.mohite,Already updated
4454065,MYISP_Revamp_UI,vikrant.r.mohite,Already updated
4446723,myISP_IMS,supriya.a.dhingra,Already updated
4449701,myISP_IMS,supriya.a.dhingra,Already updated
4449702,myISP_IMS,supriya.a.dhingra,Already updated
4449703,myISP_IMS,supriya.a.dhingra,Already updated
4449704,myISP_IMS,supriya.a.dhingra,Already updated
4449705,myISP_IMS,supriya.a.dhingra,Already updated
4449706,myISP_IMS,supriya.a.dhingra,Already updated
4449707,myISP_IMS,supriya.a.dhingra,Already updated
4449708,myISP_IMS,supriya.a.dhingra,Already updated
4449709,myISP_IMS,supriya.a.dhingra,Already updated
4450101,myISP_IMS,supriya.a.dhingra,Already updated
4450106,myISP_IMS,supriya.a.dhingra,Already updated
4450108,myISP_IMS,supriya.a.dhingra,Already updated
4450110,myISP_IMS,supriya.a.dhingra,Already updated
4450111,myISP_IMS,supriya.a.dhingra,Already updated
4450112,myISP_IMS,supriya.a.dhingra,Already updated
4450113,myISP_IMS,supriya.a.dhingra,Already updated
4450114,myISP_IMS,supriya.a.dhingra,Already updated
4450115,myISP_IMS,supriya.a.dhingra,Already updated
4437830,myISP_IMS,supriya.a.dhingra,Already updated
4446623,myISP_IMS,supriya.a.dhingra,Already updated
4435221,myISP_IMS,supriya.a.dhingra,Already updated
4434978,TechPhantoms,sowjanya.kari,Already updated
4435100,TechWarriors,sowjanya.kari,Already updated
4432326,TechPhantoms,sowjanya.kari,Already updated
4432443,TechPhantoms,sowjanya.kari,Already updated
4425965,GoRetro,sowjanya.kari,Already updated
4425971,GoRetro,sowjanya.kari,Already updated
4424629,TechWarriors,sowjanya.kari,Already updated
4423252,TechWarriors,sowjanya.kari,Already updated
4372864,TechWarriors,sowjanya.kari,Already updated
4391602,TechWarriors,sowjanya.kari,Already updated
4392686,TechPhantoms,sowjanya.kari,Already updated
4392687,TechPhantoms,sowjanya.kari,Already updated
4392688,TechPhantoms,sowjanya.kari,Already updated
4392694,TechPhantoms,sowjanya.kari,Already updated
4392700,TechPhantoms,sowjanya.kari,Already updated
4392705,TechPhantoms,sowjanya.kari,Already updated
4392710,TechPhantoms,sowjanya.kari,Already updated
4392713,TechPhantoms,sowjanya.kari,Already updated
4392718,TechPhantoms,sowjanya.kari,Already updated
4369534,TechWarriors,sowjanya.kari,Already updated
4361416,TechWarriors,sowjanya.kari,Already updated
4358782,TechWarriors,sowjanya.kari,Already updated
4366139,TechPhantoms,sowjanya.kari,Already updated
4355700,TechWarriors,sowjanya.kari,Already updated
4339177,NGTransformers,sowjanya.kari,Already updated
4343880,TechWarriors,sowjanya.kari,Already updated
4349320,TechPhantoms,sowjanya.kari,Already updated
4271493,TechWarriors,sowjanya.kari,Already updated
4272036,TechPhantoms,sowjanya.kari,Already updated
4309829,TechPhantoms,sowjanya.kari,Already updated
4035797,NGTransformers,sowjanya.kari,Already updated
4055073,TechWarriors,sowjanya.kari,Already updated
4094617,TechWarriors,sowjanya.kari,Already updated
4100022,NGTransformers,sowjanya.kari,Already updated
4113306,TechWarriors,sowjanya.kari,Already updated
4174624,TechWarriors,sowjanya.kari,Already updated
4446571,TechWarriors,sowjanya.kari,Already updated
4446593,TechWarriors,sowjanya.kari,Already updated
4446548,TechWarriors,sowjanya.kari,Already updated
4446470,TechWarriors,sowjanya.kari,Already updated
4444171,TechPhantoms,sowjanya.kari,Already updated
4444184,TechPhantoms,sowjanya.kari,Already updated
4444196,TechPhantoms,sowjanya.kari,Already updated
4444201,TechPhantoms,sowjanya.kari,Already updated
4444202,TechPhantoms,sowjanya.kari,Already updated
4445274,TechPhantoms,sowjanya.kari,Already updated
4443754,TechWarriors,sowjanya.kari,Already updated
4443764,GoRetro,sowjanya.kari,Already updated
4443785,TechWarriors,sowjanya.kari,Already updated
4443787,TechWarriors,sowjanya.kari,Already updated
4443793,TechPhantoms,sowjanya.kari,Already updated
4443800,TechPhantoms,sowjanya.kari,Already updated
4443946,TechPhantoms,sowjanya.kari,Already updated
4444013,TechPhantoms,sowjanya.kari,Already updated
4444093,TechPhantoms,sowjanya.kari,Already updated
4444119,TechPhantoms,sowjanya.kari,Already updated
4443502,TechWarriors,sowjanya.kari,Already updated
4443510,TechPhantoms,sowjanya.kari,Already updated
4443516,TechWarriors,sowjanya.kari,Already updated
4441883,GoRetro,sowjanya.kari,Already updated
4441886,GoRetro,sowjanya.kari,Already updated
4441890,GoRetro,sowjanya.kari,Already updated
4441892,GoRetro,sowjanya.kari,Already updated
4440022,TechPhantoms,sowjanya.kari,Already updated
4440990,GoRetro,sowjanya.kari,Already updated
4441001,GoRetro,sowjanya.kari,Already updated
4441970,TechWarriors,sowjanya.kari,Already updated
4441972,GoRetro,sowjanya.kari,Already updated
4441975,GoRetro,sowjanya.kari,Already updated
4441959,TechPhantoms,sowjanya.kari,Already updated
4437823,TechPhantoms,sowjanya.kari,Already updated
4437825,TechWarriors,sowjanya.kari,Already updated
4437632,TechPhantoms,sowjanya.kari,Already updated
4437700,TechPhantoms,sowjanya.kari,Already updated
4437835,TechWarriors,sowjanya.kari,Already updated
4437873,NGTransformers,sowjanya.kari,Already updated
4437874,NGTransformers,sowjanya.kari,Already updated
4435653,TechPhantoms,sowjanya.kari,Already updated
4435376,TechWarriors,sowjanya.kari,Already updated
4436201,TechPhantoms,sowjanya.kari,Already updated
4436206,TechPhantoms,sowjanya.kari,Already updated
4436216,TechPhantoms,sowjanya.kari,Already updated
4436245,TechPhantoms,sowjanya.kari,Already updated
4436336,TechPhantoms,sowjanya.kari,Already updated
4437247,TechPhantoms,sowjanya.kari,Already updated
4437254,TechPhantoms,sowjanya.kari,Already updated
4437397,NGTransformers,sowjanya.kari,Already updated
4437399,TechPhantoms,sowjanya.kari,Already updated
4440018,TechPhantoms,sowjanya.kari,Already updated
4440019,TechWarriors,sowjanya.kari,Already updated
4440020,GoRetro,sowjanya.kari,Already updated
4439003,TechPhantoms,sowjanya.kari,Already updated
4439006,TechPhantoms,sowjanya.kari,Already updated
4439516,TechWarriors,sowjanya.kari,Already updated
4439525,TechPhantoms,sowjanya.kari,Already updated
4438504,TechWarriors,sowjanya.kari,Already updated
4438586,TechWarriors,sowjanya.kari,Already updated
4450103,NGTransformers,sowjanya.kari,Already updated
4450104,NGTransformers,sowjanya.kari,Already updated
4449855,GoRetro,sowjanya.kari,Already updated
4449887,GoRetro,sowjanya.kari,Already updated
4448855,NGTransformers,sowjanya.kari,Already updated
4448856,NGTransformers,sowjanya.kari,Already updated
4447583,GoRetro,sowjanya.kari,Already updated
4448150,NGTransformers,sowjanya.kari,Already updated
4448151,NGTransformers,sowjanya.kari,Already updated
4456104,TechWarriors,sowjanya.kari,Already updated
4449975,NGTransformers,sowjanya.kari,Already updated
4451718,NGTransformers,sowjanya.kari,Already updated
4450161,NGTransformers,sowjanya.kari,Already updated
4450197,NGTransformers,sowjanya.kari,Already updated
4450213,NGTransformers,sowjanya.kari,Already updated
4450214,NGTransformers,sowjanya.kari,Already updated
4450923,GoRetro,sowjanya.kari,Already updated
4450935,GoRetro,sowjanya.kari,Already updated
4450948,GoRetro,sowjanya.kari,Already updated
4450949,GoRetro,sowjanya.kari,Already updated
4451593,BackDoorGuardians,sona.job,Already updated
4447591,BackDoorGuardians,sona.job,Already updated
4448502,BackDoorGuardians,sona.job,Already updated
4439494,CodeCrafters,sona.job,Already updated
4439495,CodeCrafters,sona.job,Already updated
4440021,Pacemakers,sona.job,Already updated
4436381,BackDoorGuardians,sona.job,Already updated
4437408,CodeCrafters,sona.job,Already updated
4437663,BPMSBloggers,sona.job,Already updated
4437636,BPMSBloggers,sona.job,Already updated
4437827,CodeCrafters,sona.job,Already updated
4441960,CodeCrafters,sona.job,Already updated
4441963,DevNinjas,sona.job,Already updated
4440942,CodeCrafters,sona.job,Already updated
4441955,DevNinjas,sona.job,Already updated
4440017,CodeCrafters,sona.job,Already updated
4443542,CodeCrafters,sona.job,Already updated
4443505,CodeCrafters,sona.job,Already updated
4443500,CodeCrafters,sona.job,Already updated
4443486,CodeCrafters,sona.job,Already updated
4445145,CodeCrafters,sona.job,Already updated
4446318,Pacemakers,sona.job,Already updated
4446320,BackDoorGuardians,sona.job,Already updated
4446884,CodeCrafters,sona.job,Already updated
4446675,CodeCrafters,sona.job,Already updated
4272037,CodeCrafters,sona.job,Already updated
4371477,CodeCrafters,sona.job,Already updated
4428657,CodeCrafters,sona.job,Already updated
4427652,Pacemakers,sona.job,Already updated
4427771,Pacemakers,sona.job,Already updated
4428155,Pacemakers,sona.job,Already updated
4428345,Pacemakers,sona.job,Already updated
4428405,Pacemakers,sona.job,Already updated
4428488,Pacemakers,sona.job,Already updated
4428537,Pacemakers,sona.job,Already updated
4426083,Pacemakers,sona.job,Already updated
4426101,Pacemakers,sona.job,Already updated
4426270,Pacemakers,sona.job,Already updated
4428669,Pacemakers,sona.job,Already updated
4428681,DevNinjas,sona.job,Already updated
4428694,Pacemakers,sona.job,Already updated
4429554,BackDoorGuardians,sona.job,Already updated
4429581,BackDoorGuardians,sona.job,Already updated
4434848,BackDoorGuardians,sona.job,Already updated
4435190,CodeCrafters,sona.job,Already updated
4434050,BackDoorGuardians,sona.job,Already updated
4434700,DynamicDev,sona.job,Already updated
4390800,agentcrafters,shwetha.shriyan,Already updated
4442651,agentcrafters,shwetha.shriyan,Already updated
4443558,agentcrafters,shwetha.shriyan,Already updated
4444120,agentcrafters,shwetha.shriyan,Already updated
4443807,agentcrafters,shwetha.shriyan,Already updated
4439906,agentcrafters,shwetha.shriyan,Already updated
4447669,agentcrafters,shwetha.shriyan,Already updated
4449945,agentcrafters,shwetha.shriyan,Already updated
4447863,agentcrafters,shwetha.shriyan,Already updated
4448126,agentcrafters,shwetha.shriyan,Already updated
4448128,agentcrafters,shwetha.shriyan,Already updated
4448140,Ninjawarriors,pandidurai.ks,Already updated
4447233,GEN AI - Solution Super Agent,pandidurai.ks,Already updated
4447235,GEN AI - Solution Super Agent,pandidurai.ks,Already updated
4446799,GEN AI - Solution Super Agent,pandidurai.ks,Already updated
4447237,GEN AI - Solution Super Agent,pandidurai.ks,Already updated
4447240,GEN AI - Solution Super Agent,pandidurai.ks,Already updated
4448602,TechTribe,pandidurai.ks,Already updated
4449532,TechTribe,pandidurai.ks,Already updated
4449651,TechTribe,pandidurai.ks,Already updated
4456193,Harvesting solutionPlan,pandidurai.ks,Already updated
4446825,GEN AI - Solution Super Agent,pandidurai.ks,Already updated
4456195,Harvesting solutionPlan,pandidurai.ks,Already updated
4456197,Harvesting solutionPlan,pandidurai.ks,Already updated
4456199,Harvesting solutionPlan,pandidurai.ks,Already updated
4456200,Harvesting solutionPlan,pandidurai.ks,Already updated
4456202,Harvesting solutionPlan,pandidurai.ks,Already updated
4456204,Harvesting solutionPlan,pandidurai.ks,Already updated
4456205,Harvesting solutionPlan,pandidurai.ks,Already updated
4456206,Harvesting solutionPlan,pandidurai.ks,Already updated
4456207,Harvesting solutionPlan,pandidurai.ks,Already updated
4456208,Harvesting solutionPlan,pandidurai.ks,Already updated
4456209,Harvesting solutionPlan,pandidurai.ks,Already updated
4456210,Harvesting solutionPlan,pandidurai.ks,Already updated
4450305,GEN AI - Solution Super Agent,pandidurai.ks,Already updated
4450306,GEN AI - Solution Super Agent,pandidurai.ks,Already updated
4450307,GEN AI - Solution Super Agent,pandidurai.ks,Already updated
4450310,GEN AI - Solution Super Agent,pandidurai.ks,Already updated
4450311,GEN AI - Solution Super Agent,pandidurai.ks,Already updated
4450301,GEN AI - Solution Super Agent,pandidurai.ks,Already updated
4450302,GEN AI - Solution Super Agent,pandidurai.ks,Already updated
4450303,GEN AI - Solution Super Agent,pandidurai.ks,Already updated
4450313,GEN AI - Solution Super Agent,pandidurai.ks,Already updated
4450314,GEN AI - Solution Super Agent,pandidurai.ks,Already updated
4450315,GEN AI - Solution Super Agent,pandidurai.ks,Already updated
4450386,TechTribe,pandidurai.ks,Already updated
4450387,TechTribe,pandidurai.ks,Already updated
4450388,TechTribe,pandidurai.ks,Already updated
4450390,TechTribe,pandidurai.ks,Already updated
4450391,TechTribe,pandidurai.ks,Already updated
4450395,TechTribe,pandidurai.ks,Already updated
4450399,TechTribe,pandidurai.ks,Already updated
4450401,TechTribe,pandidurai.ks,Already updated
4450402,TechTribe,pandidurai.ks,Already updated
4450405,TechTribe,pandidurai.ks,Already updated
4450407,TechTribe,pandidurai.ks,Already updated
4450410,TechTribe,pandidurai.ks,Already updated
4450414,TechTribe,pandidurai.ks,Already updated
4441957,Ninjawarriors,pandidurai.ks,Already updated
4443305,Pirates,pandidurai.ks,Already updated
4443377,Pirates,pandidurai.ks,Already updated
4441007,GEN AI - Solution Super Agent,pandidurai.ks,Already updated
4443792,Pixel Pioneers,pandidurai.ks,Already updated
4443556,myISP_DSP,pandidurai.ks,Already updated
4442821,Ninjawarriors,pandidurai.ks,Already updated
4443499,Ninjawarriors,pandidurai.ks,Already updated
4446668,Pixel Pioneers,pandidurai.ks,Already updated
4447061,TechTribe,pandidurai.ks,Already updated
4446393,GEN AI - Solution Super Agent,pandidurai.ks,Already updated
4437826,Pixel Pioneers,pandidurai.ks,Already updated
4437822,Pirates,pandidurai.ks,Already updated
4437883,Pixel Pioneers,pandidurai.ks,Already updated
4438162,Pirates,pandidurai.ks,Already updated
4438216,GEN AI - Solution Super Agent,pandidurai.ks,Already updated
4437833,TechTribe,pandidurai.ks,Already updated
4437834,HustleHub,N/A,No mapping found
4435341,HustleHub,N/A,No mapping found
4439540,Pixel Pioneers,pandidurai.ks,Already updated
4439541,Pixel Pioneers,pandidurai.ks,Already updated
4439552,Pixel Pioneers,pandidurai.ks,Already updated
4439554,Pixel Pioneers,pandidurai.ks,Already updated
4439737,GEN AI - Solution Super Agent,pandidurai.ks,Already updated
4437865,Ninjawarriors,pandidurai.ks,Already updated
4438671,myISP_DSP,pandidurai.ks,Already updated
4438695,myISP_DSP,pandidurai.ks,Already updated
4438699,Ninjawarriors,pandidurai.ks,Already updated
4438707,Ninjawarriors,pandidurai.ks,Already updated
4438717,Ninjawarriors,pandidurai.ks,Already updated
4438735,Pirates,pandidurai.ks,Already updated
4438741,Pixel Pioneers,pandidurai.ks,Already updated
4438752,Pirates,pandidurai.ks,Already updated
4392723,TechTribe,pandidurai.ks,Already updated
4373651,Ninjawarriors,pandidurai.ks,Already updated
4423255,Pirates,pandidurai.ks,Already updated
4423220,Ninjawarriors,pandidurai.ks,Already updated
4423221,Ninjawarriors,pandidurai.ks,Already updated
4423222,Ninjawarriors,pandidurai.ks,Already updated
4423225,Harvesting solutionPlan,pandidurai.ks,Already updated
4415929,Ninjawarriors,pandidurai.ks,Already updated
4392463,TechTribe,pandidurai.ks,Already updated
4395042,Pixel Pioneers,pandidurai.ks,Already updated
4395048,Ninjawarriors,pandidurai.ks,Already updated
4395051,Pirates,pandidurai.ks,Already updated
4395052,Ninjawarriors,pandidurai.ks,Already updated
4395054,Ninjawarriors,pandidurai.ks,Already updated
4395057,Pixel Pioneers,pandidurai.ks,Already updated
4434702,GEN AI - Solution Super Agent,pandidurai.ks,Already updated
4434707,GEN AI - Solution Super Agent,pandidurai.ks,Already updated
4432696,GEN AI - Solution Super Agent,pandidurai.ks,Already updated
4435156,Pixel Pioneers,pandidurai.ks,Already updated
4426304,GEN AI - Solution Super Agent,pandidurai.ks,Already updated
4426387,GEN AI - Solution Super Agent,pandidurai.ks,Already updated
4423914,GEN AI - Solution Super Agent,pandidurai.ks,Already updated
4424457,GEN AI - Solution Super Agent,pandidurai.ks,Already updated
4372038,Pixel Pioneers,pandidurai.ks,Already updated
4371942,GEN AI - Solution Super Agent,pandidurai.ks,Already updated
4301401,Ninjawarriors,pandidurai.ks,Already updated
4327398,GEN AI - Solution Super Agent,pandidurai.ks,Already updated
4358171,GEN AI - Solution Super Agent,pandidurai.ks,Already updated
4270042,GEN AI - Solution Super Agent,pandidurai.ks,Already updated
4270563,Everest,nityanand.giri,Already updated
4227424,Everest,nityanand.giri,Already updated
4311797,CrazyCoders,nityanand.giri,Already updated
4311846,CrazyCoders,nityanand.giri,Already updated
4311850,CrazyCoders,nityanand.giri,Already updated
4311879,CrazyCoders,nityanand.giri,Already updated
4311889,CrazyCoders,nityanand.giri,Already updated
4311906,CrazyCoders,nityanand.giri,Already updated
4311908,CrazyCoders,nityanand.giri,Already updated
4311910,CrazyCoders,nityanand.giri,Already updated
4311917,CrazyCoders,nityanand.giri,Already updated
4165210,Spartans,nityanand.giri,Already updated
4165212,Spartans,nityanand.giri,Already updated
4165224,Spartans,nityanand.giri,Already updated
4165232,Spartans,nityanand.giri,Already updated
4165234,Spartans,nityanand.giri,Already updated
4099910,Everest,nityanand.giri,Already updated
3863890,Everest,nityanand.giri,Already updated
4019584,Everest,nityanand.giri,Already updated
4354055,TitansPlus,nityanand.giri,Already updated
4343709,TitansPlus,nityanand.giri,Already updated
4318913,Spartans,nityanand.giri,Already updated
4318914,Spartans,nityanand.giri,Already updated
4318915,Spartans,nityanand.giri,Already updated
4318916,Spartans,nityanand.giri,Already updated
4318917,Spartans,nityanand.giri,Already updated
4327802,Codeplayers,nityanand.giri,Already updated
4329271,Codeplayers,nityanand.giri,Already updated
4329273,Codeplayers,nityanand.giri,Already updated
4329279,Codeplayers,nityanand.giri,Already updated
4330382,Everest,nityanand.giri,Already updated
4331550,Codeplayers,nityanand.giri,Already updated
4313255,TitansPlus,nityanand.giri,Already updated
4372175,TitansPlus,nityanand.giri,Already updated
4365000,Codeplayers,nityanand.giri,Already updated
4367480,TitansPlus,nityanand.giri,Already updated
4367481,TitansPlus,nityanand.giri,Already updated
4367490,TitansPlus,nityanand.giri,Already updated
4367494,TitansPlus,nityanand.giri,Already updated
4367497,TitansPlus,nityanand.giri,Already updated
4367506,TitansPlus,nityanand.giri,Already updated
4370640,CrazyCoders,nityanand.giri,Already updated
4370648,CrazyCoders,nityanand.giri,Already updated
4370649,CrazyCoders,nityanand.giri,Already updated
4370650,CrazyCoders,nityanand.giri,Already updated
4370651,CrazyCoders,nityanand.giri,Already updated
4371240,TitansPlus,nityanand.giri,Already updated
4368340,TitansPlus,nityanand.giri,Already updated
4368341,TitansPlus,nityanand.giri,Already updated
4368342,TitansPlus,nityanand.giri,Already updated
4368343,TitansPlus,nityanand.giri,Already updated
4368362,Everest,nityanand.giri,Already updated
4368513,TechSavers,nityanand.giri,Already updated
4369378,Codeplayers,nityanand.giri,Already updated
4369381,Codeplayers,nityanand.giri,Already updated
4369382,Codeplayers,nityanand.giri,Already updated
4369383,Codeplayers,nityanand.giri,Already updated
4366838,TitansPlus,nityanand.giri,Already updated
4366839,TitansPlus,nityanand.giri,Already updated
4367141,TitansPlus,nityanand.giri,Already updated
4367142,TitansPlus,nityanand.giri,Already updated
4367145,TitansPlus,nityanand.giri,Already updated
4367160,TitansPlus,nityanand.giri,Already updated
4367162,TitansPlus,nityanand.giri,Already updated
4359135,Everest,nityanand.giri,Already updated
4359177,Everest,nityanand.giri,Already updated
4359521,Everest,nityanand.giri,Already updated
4359621,Everest,nityanand.giri,Already updated
4358553,TitansPlus,nityanand.giri,Already updated
4358614,TitansPlus,nityanand.giri,Already updated
4358616,TitansPlus,nityanand.giri,Already updated
4358683,Codeplayers,nityanand.giri,Already updated
4358692,Codeplayers,nityanand.giri,Already updated
4358696,Codeplayers,nityanand.giri,Already updated
4358699,Codeplayers,nityanand.giri,Already updated
4361906,TitansPlus,nityanand.giri,Already updated
4367567,TechSavers,nityanand.giri,Already updated
4367656,Codeplayers,nityanand.giri,Already updated
4367658,Codeplayers,nityanand.giri,Already updated
4367678,Codeplayers,nityanand.giri,Already updated
4367684,Codeplayers,nityanand.giri,Already updated
4367688,Codeplayers,nityanand.giri,Already updated
4367689,Codeplayers,nityanand.giri,Already updated
4367692,Codeplayers,nityanand.giri,Already updated
4367736,Codeplayers,nityanand.giri,Already updated
4367870,CrazyCoders,nityanand.giri,Already updated
4367874,CrazyCoders,nityanand.giri,Already updated
4367901,Codeplayers,nityanand.giri,Already updated
4428654,TitansPlus,nityanand.giri,Already updated
4428655,TitansPlus,nityanand.giri,Already updated
4434380,Everest,nityanand.giri,Already updated
4434383,CodeCatalyst,nityanand.giri,Already updated
4434479,Everest,nityanand.giri,Already updated
4393830,Everest,nityanand.giri,Already updated
4394479,TitansPlus,nityanand.giri,Already updated
4373870,TechSavers,nityanand.giri,Already updated
4373872,TechSavers,nityanand.giri,Already updated
4373905,TitansPlus,nityanand.giri,Already updated
4386127,TitansPlus,nityanand.giri,Already updated
4386542,Everest,nityanand.giri,Already updated
4386543,Everest,nityanand.giri,Already updated
4386544,Everest,nityanand.giri,Already updated
4386545,Everest,nityanand.giri,Already updated
4386548,Everest,nityanand.giri,Already updated
4386549,Everest,nityanand.giri,Already updated
4386552,Everest,nityanand.giri,Already updated
4386553,Everest,nityanand.giri,Already updated
4386555,Everest,nityanand.giri,Already updated
4373606,TitansPlus,nityanand.giri,Already updated
4373608,TitansPlus,nityanand.giri,Already updated
4373612,TitansPlus,nityanand.giri,Already updated
4373619,TitansPlus,nityanand.giri,Already updated
4373625,TitansPlus,nityanand.giri,Already updated
4373629,TechSavers,nityanand.giri,Already updated
4389872,Everest,nityanand.giri,Already updated
4388435,Codeplayers,nityanand.giri,Already updated
4388437,Codeplayers,nityanand.giri,Already updated
4389726,Everest,nityanand.giri,Already updated
4438858,CrazyCoders,nityanand.giri,Already updated
4438589,TechSavers,nityanand.giri,Already updated
4438592,TechSavers,nityanand.giri,Already updated
4438507,TitansPlus,nityanand.giri,Already updated
4438584,Spartans,nityanand.giri,Already updated
4438585,Spartans,nityanand.giri,Already updated
4439526,Spartans,nityanand.giri,Already updated
4439527,Spartans,nityanand.giri,Already updated
4439529,Spartans,nityanand.giri,Already updated
4439530,Spartans,nityanand.giri,Already updated
4440826,CrazyCoders,nityanand.giri,Already updated
4435233,Spartans,nityanand.giri,Already updated
4437832,Spartans,nityanand.giri,Already updated
4446516,TechSavers,nityanand.giri,Already updated
4446570,Spartans,nityanand.giri,Already updated
4446655,TechSavers,nityanand.giri,Already updated
4446656,CrazyCoders,nityanand.giri,Already updated
4446620,CrazyCoders,nityanand.giri,Already updated
4446316,TechSavers,nityanand.giri,Already updated
4445058,Codeplayers,nityanand.giri,Already updated
4443484,CrazyCoders,nityanand.giri,Already updated
4443695,CrazyCoders,nityanand.giri,Already updated
4443699,CrazyCoders,nityanand.giri,Already updated
4443719,CrazyCoders,nityanand.giri,Already updated
4443720,CrazyCoders,nityanand.giri,Already updated
4443721,CrazyCoders,nityanand.giri,Already updated
4443722,CrazyCoders,nityanand.giri,Already updated
4443724,CrazyCoders,nityanand.giri,Already updated
4443725,Codeplayers,nityanand.giri,Already updated
4440940,TitansPlus,nityanand.giri,Already updated
4440886,CrazyCoders,nityanand.giri,Already updated
4457557,Everest,nityanand.giri,Already updated
4457660,Everest,nityanand.giri,Already updated
4450158,TitansPlus,nityanand.giri,Already updated
4447826,CrazyCoders,nityanand.giri,Already updated
4449970,CrazyCoders,nityanand.giri,Already updated
4446726,TitansPlus,nityanand.giri,Already updated
4447565,TechSavers,nityanand.giri,Already updated
4447576,TechSavers,nityanand.giri,Already updated
4448171,TechSavers,nityanand.giri,Already updated
4448490,CrazyCoders,nityanand.giri,Already updated
4448492,TechSavers,nityanand.giri,Already updated
4448499,CrazyCoders,nityanand.giri,Already updated
4447236,QualityDataInsights,n.d.krishnakumar,Already updated
4447610,Solution to Contract,n.d.krishnakumar,Already updated
4447620,Solution to Contract,n.d.krishnakumar,Already updated
4446735,Gen AI - Solution Review Agent,n.d.krishnakumar,Already updated
4446739,Solution to Contract,n.d.krishnakumar,Already updated
4446740,Solution to Contract,n.d.krishnakumar,Already updated
4446741,Solution to Contract,n.d.krishnakumar,Already updated
4446746,Gen AI - Solution Review Agent,n.d.krishnakumar,Already updated
4446753,Gen AI - Solution Review Agent,n.d.krishnakumar,Already updated
4447244,Gen AI - Solution Review Agent,n.d.krishnakumar,Already updated
4447246,Solution to Contract,n.d.krishnakumar,Already updated
4447248,Solution to Contract,n.d.krishnakumar,Already updated
4447366,Solution to Contract,n.d.krishnakumar,Already updated
4447465,Gen AI - Solution Review Agent,n.d.krishnakumar,Already updated
4447071,Code Mavin,n.d.krishnakumar,Already updated
4447230,Solution to Contract,n.d.krishnakumar,Already updated
4447231,Solution to Contract,n.d.krishnakumar,Already updated
4447232,QualityDataInsights,n.d.krishnakumar,Already updated
4456194,Gen AI - Solution Review Agent,n.d.krishnakumar,Already updated
4456369,Gen AI - Solution Review Agent,n.d.krishnakumar,Already updated
4456371,Gen AI - Solution Review Agent,n.d.krishnakumar,Already updated
4456373,Gen AI - Solution Review Agent,n.d.krishnakumar,Already updated
4456374,Gen AI - Solution Review Agent,n.d.krishnakumar,Already updated
4456375,Gen AI - Solution Review Agent,n.d.krishnakumar,Already updated
4456376,Gen AI - Solution Review Agent,n.d.krishnakumar,Already updated
4456377,Gen AI - Solution Review Agent,n.d.krishnakumar,Already updated
4456378,Gen AI - Solution Review Agent,n.d.krishnakumar,Already updated
4456380,Code Mavin,n.d.krishnakumar,Already updated
4450312,Solution to Contract,n.d.krishnakumar,Already updated
4443396,Gen AI - Solution Review Agent,n.d.krishnakumar,Already updated
4443430,GENAI-CDAT,n.d.krishnakumar,Already updated
4443453,Gen AI - Solution Review Agent,n.d.krishnakumar,Already updated
4442525,Gen AI - Solution Review Agent,n.d.krishnakumar,Already updated
4443898,GENAI-CDAT,n.d.krishnakumar,Already updated
4443686,Gen AI - Solution Review Agent,n.d.krishnakumar,Already updated
4445162,QDI - Opportunity Metrics,n.d.krishnakumar,Already updated
4445202,QDI - Opportunity Metrics,n.d.krishnakumar,Already updated
4445309,QDI - Opportunity Metrics,n.d.krishnakumar,Already updated
4445838,QDI - Opportunity Metrics,n.d.krishnakumar,Already updated
4446712,Solution to Contract,n.d.krishnakumar,Already updated
4446374,Gen AI - Solution Review Agent,n.d.krishnakumar,Already updated
4438300,Solution to Contract,n.d.krishnakumar,Already updated
4438308,Solution to Contract,n.d.krishnakumar,Already updated
4438318,Solution to Contract,n.d.krishnakumar,Already updated
4438326,Solution to Contract,n.d.krishnakumar,Already updated
4438451,Solution to Contract,n.d.krishnakumar,Already updated
4435809,QualityDataInsights,n.d.krishnakumar,Already updated
4435931,Gen AI - Solution Review Agent,n.d.krishnakumar,Already updated
4436659,Gen AI - Solution Review Agent,n.d.krishnakumar,Already updated
4436694,Gen AI - Solution Review Agent,n.d.krishnakumar,Already updated
4439465,Code Mavin,n.d.krishnakumar,Already updated
4439155,Solution to Contract,n.d.krishnakumar,Already updated
4439161,Solution to Contract,n.d.krishnakumar,Already updated
4438549,QualityDataInsights,n.d.krishnakumar,Already updated
4438550,QualityDataInsights,n.d.krishnakumar,Already updated
4438559,Code Mavin,n.d.krishnakumar,Already updated
4438518,QualityDataInsights,n.d.krishnakumar,Already updated
4392744,Gen AI - Solution Review Agent,n.d.krishnakumar,Already updated
4373554,Solution to Contract,n.d.krishnakumar,Already updated
4373579,Solution to Contract,n.d.krishnakumar,Already updated
4373583,Solution to Contract,n.d.krishnakumar,Already updated
4419658,Solution to Contract,n.d.krishnakumar,Already updated
4429865,Gen AI - Solution Review Agent,n.d.krishnakumar,Already updated
4429882,Gen AI - Solution Review Agent,n.d.krishnakumar,Already updated
4429885,Gen AI - Solution Review Agent,n.d.krishnakumar,Already updated
4432575,GENAI-CDAT,n.d.krishnakumar,Already updated
4429175,GENAI-CDAT,n.d.krishnakumar,Already updated
4431436,Gen AI - Solution Review Agent,n.d.krishnakumar,Already updated
4431480,GENAI-CDAT,n.d.krishnakumar,Already updated
4423216,Code Mavin,n.d.krishnakumar,Already updated
4423219,Code Mavin,n.d.krishnakumar,Already updated
4371674,Solution to Contract,n.d.krishnakumar,Already updated
4371726,Solution to Contract,n.d.krishnakumar,Already updated
4319888,Solution to Contract,n.d.krishnakumar,Already updated
4278131,TechStars,mohanraj.a.selvaraj,Already updated
4425029,TechStars,mohanraj.a.selvaraj,Already updated
4425459,TechStars,mohanraj.a.selvaraj,Already updated
4425950,TechStars,mohanraj.a.selvaraj,Already updated
4425951,TechStars,mohanraj.a.selvaraj,Already updated
4425952,TechStars,mohanraj.a.selvaraj,Already updated
4425953,TechStars,mohanraj.a.selvaraj,Already updated
4425954,TechStars,mohanraj.a.selvaraj,Already updated
4425955,TechStars,mohanraj.a.selvaraj,Already updated
4432648,TechStars,mohanraj.a.selvaraj,Already updated
4421576,TechStars,mohanraj.a.selvaraj,Already updated
4421613,TechStars,mohanraj.a.selvaraj,Already updated
4421619,TechStars,mohanraj.a.selvaraj,Already updated
4422310,TechStars,mohanraj.a.selvaraj,Already updated
4422354,TechStars,mohanraj.a.selvaraj,Already updated
4423248,TechStars,mohanraj.a.selvaraj,Already updated
4423291,TechStars,mohanraj.a.selvaraj,Already updated
4423294,TechStars,mohanraj.a.selvaraj,Already updated
4423296,TechStars,mohanraj.a.selvaraj,Already updated
4423299,TechStars,mohanraj.a.selvaraj,Already updated
4423301,TechStars,mohanraj.a.selvaraj,Already updated
4423304,TechStars,mohanraj.a.selvaraj,Already updated
4437628,TechStars,mohanraj.a.selvaraj,Already updated
4436594,TechStars,mohanraj.a.selvaraj,Already updated
4438249,TechStars,mohanraj.a.selvaraj,Already updated
4437837,TechStars,mohanraj.a.selvaraj,Already updated
4446722,TechStars,mohanraj.a.selvaraj,Already updated
4445986,TechStars,mohanraj.a.selvaraj,Already updated
4445987,TechStars,mohanraj.a.selvaraj,Already updated
4445991,TechStars,mohanraj.a.selvaraj,Already updated
4445248,TechStars,mohanraj.a.selvaraj,Already updated
4451600,TechStars,mohanraj.a.selvaraj,Already updated
4447064,TechStars,mohanraj.a.selvaraj,Already updated
4450157,Tech Ensemble,mervinkumar.manickam,Already updated
4449760,TechAvengers,mervinkumar.manickam,Already updated
4449779,TechAvengers,mervinkumar.manickam,Already updated
4446619,TechAvengers,mervinkumar.manickam,Already updated
4446405,TechAvengers,mervinkumar.manickam,Already updated
4437829,TechAvengers,mervinkumar.manickam,Already updated
4437647,TechSprinters,mervinkumar.manickam,Already updated
4437691,TechAvengers,mervinkumar.manickam,Already updated
4435907,Tech Ensemble,mervinkumar.manickam,Already updated
4436093,Tech Ensemble,mervinkumar.manickam,Already updated
4436185,TechAvatar,mervinkumar.manickam,Already updated
4435207,TechAvengers,mervinkumar.manickam,Already updated
4438588,TechAvengers,mervinkumar.manickam,Already updated
4438642,TechAvengers,mervinkumar.manickam,Already updated
4439846,Tech Ensemble,mervinkumar.manickam,Already updated
4423306,DevStormers,mervinkumar.manickam,Already updated
4423815,DevStormers,mervinkumar.manickam,Already updated
4412401,TechAvatar,mervinkumar.manickam,Already updated
4412404,Tech Ensemble,mervinkumar.manickam,Already updated
4372910,DevStormers,mervinkumar.manickam,Already updated
4390540,TechWizards,mervinkumar.manickam,Already updated
4390542,TechWizards,mervinkumar.manickam,Already updated
4430431,TechAvengers,mervinkumar.manickam,Already updated
4431151,TechWizards,mervinkumar.manickam,Already updated
4424935,TechAvengers,mervinkumar.manickam,Already updated
4317632,DevStormers,mervinkumar.manickam,Already updated
4335613,DevStormers,mervinkumar.manickam,Already updated
4351779,TechWizards,mervinkumar.manickam,Already updated
4358519,TechAvengers,mervinkumar.manickam,Already updated
4357874,TechAvengers,mervinkumar.manickam,Already updated
4033020,TechAvengers,mervinkumar.manickam,Already updated
3967653,TechAvengers,mervinkumar.manickam,Already updated
4183616,DevStormers,mervinkumar.manickam,Already updated
4184295,DevStormers,mervinkumar.manickam,Already updated
4187514,DevStormers,mervinkumar.manickam,Already updated
4261173,DevStormers,mervinkumar.manickam,Already updated
4265946,TechAvatar,mervinkumar.manickam,Already updated
4267330,TechAvengers,mervinkumar.manickam,Already updated
4372031,DevStormers,mervinkumar.manickam,Already updated
4368214,Tech Ensemble,mervinkumar.manickam,Already updated
4368217,DevStormers,mervinkumar.manickam,Already updated
4371247,TechAvengers,mervinkumar.manickam,Already updated
4368139,Tech Ensemble,mervinkumar.manickam,Already updated
4362070,TechSprinters,mervinkumar.manickam,Already updated
4362088,DevStormers,mervinkumar.manickam,Already updated
4361280,DevStormers,mervinkumar.manickam,Already updated
4268936,Simba,m.ohlan,Already updated
4435225,Simba,m.ohlan,Already updated
4387265,Pinocchio,m.ohlan,Already updated
4413154,Pinocchio,m.ohlan,Already updated
4439200,Pinocchio,m.ohlan,Already updated
4439139,Pinocchio,m.ohlan,Already updated
4439140,Pinocchio,m.ohlan,Already updated
4439149,Pinocchio,m.ohlan,Already updated
4436363,Simba,m.ohlan,Already updated
4436250,Pinocchio,m.ohlan,Already updated
4436257,Pinocchio,m.ohlan,Already updated
4436384,Pluto,m.ohlan,Already updated
4437577,Simba,m.ohlan,Already updated
4437594,Simba,m.ohlan,Already updated
4437604,Simba,m.ohlan,Already updated
4437819,Pinocchio,m.ohlan,Already updated
4437831,Simba,m.ohlan,Already updated
4446666,Simba,m.ohlan,Already updated
4446089,Pluto,m.ohlan,Already updated
4444286,Pinocchio,m.ohlan,Already updated
4444355,Pinocchio,m.ohlan,Already updated
4444378,Pinocchio,m.ohlan,Already updated
4444380,Pinocchio,m.ohlan,Already updated
4444343,Pinocchio,m.ohlan,Already updated
4440537,Pluto,m.ohlan,Already updated
4451501,Pinocchio,m.ohlan,Already updated
4451544,Pinocchio,m.ohlan,Already updated
4450863,Pinocchio,m.ohlan,Already updated
4450864,Pinocchio,m.ohlan,Already updated
4450865,Pinocchio,m.ohlan,Already updated
4450870,Pinocchio,m.ohlan,Already updated
4450871,Pinocchio,m.ohlan,Already updated
4450876,Pinocchio,m.ohlan,Already updated
4450880,Pinocchio,m.ohlan,Already updated
4450881,Pinocchio,m.ohlan,Already updated
4450304,Insurgents,K.devaraj,Already updated
4455628,Simulators,K.devaraj,Already updated
4455728,Simulators,K.devaraj,Already updated
4390184,Simulators,K.devaraj,Already updated
4390192,CodingCrusaders,K.devaraj,Already updated
4449948,CreativeCoders,K.devaraj,Already updated
4440929,Simulators,K.devaraj,Already updated
4442509,Simulators,K.devaraj,Already updated
4444316,CreativeCoders,K.devaraj,Already updated
4445148,Simulators,K.devaraj,Already updated
4445144,Simulators,K.devaraj,Already updated
4446327,Simulators,K.devaraj,Already updated
4447062,CreativeCoders,K.devaraj,Already updated
4447063,Simulators,K.devaraj,Already updated
4446616,CreativeCoders,K.devaraj,Already updated
4437652,CreativeCoders,K.devaraj,Already updated
4437659,Simulators,K.devaraj,Already updated
4437640,Simulators,K.devaraj,Already updated
4437838,CreativeCoders,K.devaraj,Already updated
4437839,Simulators,K.devaraj,Already updated
4435817,Simulators,K.devaraj,Already updated
4439746,CodingCrusaders,K.devaraj,Already updated
4439806,CodingCrusaders,K.devaraj,Already updated
4439840,CodingCrusaders,K.devaraj,Already updated
4439547,Simulators,K.devaraj,Already updated
4438596,CreativeCoders,K.devaraj,Already updated
4438514,Insurgents,K.devaraj,Already updated
4413833,Insurgents,K.devaraj,Already updated
4413836,Insurgents,K.devaraj,Already updated
4416198,Insurgents,K.devaraj,Already updated
4416199,Insurgents,K.devaraj,Already updated
4416213,Insurgents,K.devaraj,Already updated
4434927,Simulators,K.devaraj,Already updated
4429069,Insurgents,K.devaraj,Already updated
4428664,Insurgents,K.devaraj,Already updated
4428656,Insurgents,K.devaraj,Already updated
4250789,Insurgents,K.devaraj,Already updated
4252811,Insurgents,K.devaraj,Already updated
4312145,Insurgents,K.devaraj,Already updated
4367388,Insurgents,K.devaraj,Already updated
4371721,Insurgents,K.devaraj,Already updated
4372032,Simulators,K.devaraj,Already updated
4372033,Simulators,K.devaraj,Already updated
4367508,TechMavericks,Francis.Deepak,Already updated
4361905,TechMavericks,Francis.Deepak,Already updated
4435204,TechMavericks,Francis.Deepak,Already updated
4438587,TechMavericks,Francis.Deepak,Already updated
4437828,TechMavericks,Francis.Deepak,Already updated
4446596,TechMavericks,Francis.Deepak,Already updated
4446426,TechCoders,Francis.Deepak,Already updated
4445116,TechCoders,Francis.Deepak,Already updated
4443034,TechMavericks,Francis.Deepak,Already updated
4447813,TechMavericks,Francis.Deepak,Already updated
4446742,Cognilytics,anil.kadari,Already updated
4443524,Cognilytics,anil.kadari,Already updated
4446194,Cognilytics,anil.kadari,Already updated
4446664,Cognilytics,anil.kadari,Already updated
4437401,Cognilytics,anil.kadari,Already updated
4437404,Cognilytics,anil.kadari,Already updated
4432786,Cognilytics,anil.kadari,Already updated
4428658,Cognilytics,anil.kadari,Already updated
4426895,Cognilytics,anil.kadari,Already updated
4389787,Cognilytics,anil.kadari,Already updated
4362066,Cognilytics,anil.kadari,Already updated
4356522,Cognilytics,anil.kadari,Already updated
4312144,Cognilytics,anil.kadari,Already updated
4457573,TitansPlus,nityanand.giri,Updated
4457575,TechSavers,nityanand.giri,Updated
4457581,CrazyCoders,nityanand.giri,Updated
